"country","continent","year","lifeExp","pop","gdpPercap"
"Albania","Europe",1952,55.23,1282697,1601.056136
"Albania","Europe",1957,59.28,1476505,1942.284244
"Albania","Europe",1962,64.82,1728137,2312.888958
"Albania","Europe",1967,66.22,1984060,2760.196931
"Albania","Europe",1972,67.69,2263554,3313.422188
"Albania","Europe",1977,68.93,2509048,3533.00391
"Albania","Europe",1982,70.42,2780097,3630.880722
"Albania","Europe",1987,72,3075321,3738.932735
"Albania","Europe",1992,71.581,3326498,2497.437901
"Albania","Europe",1997,72.95,3428038,3193.054604
"Algeria","Africa",1977,58.014,17152804,4910.416756
"Algeria","Africa",1982,61.368,20033753,5745.160213
"Algeria","Africa",1987,65.799,23254956,5681.358539
"Algeria","Africa",1992,67.744,26298373,5023.216647
"Algeria","Africa",1997,69.152,29072015,4797.295051
"Algeria","Africa",2002,70.994,31287142,5288.040382
"Algeria","Africa",2007,72.301,33333216,6223.367465
"Argentina","Americas",1952,62.485,17876956,5911.315053
"Argentina","Americas",1957,64.399,19610538,6856.856212
"Argentina","Americas",1962,65.142,21283783,7133.166023
"Argentina","Americas",1967,65.634,22934225,8052.953021
"Argentina","Americas",1972,67.065,24779799,9443.038526
"Argentina","Americas",1977,68.481,26983828,10079.02674
"Argentina","Americas",1982,69.942,29341374,8997.897412
"Argentina","Americas",1987,70.774,31620918,9139.671389
"Argentina","Americas",1992,71.868,33958947,9308.41871
"Argentina","Americas",1997,73.275,36203463,10967.28195
"Argentina","Americas",2002,74.34,38331121,8797.640716
"Australia","Oceania",1952,69.12,8691212,10039.59564
"Australia","Oceania",1957,70.33,9712569,10949.64959
"Australia","Oceania",1962,70.93,10794968,12217.22686
"Australia","Oceania",1967,71.1,11872264,14526.12465
"Australia","Oceania",1972,71.93,13177000,16788.62948
"Australia","Oceania",1977,73.49,14074100,18334.19751
"Australia","Oceania",1982,74.74,15184200,19477.00928
"Austria","Europe",1952,66.8,6927772,6137.076492
"Austria","Europe",1957,67.48,6965860,8842.59803
"Austria","Europe",1962,69.54,7129864,10750.72111
"Austria","Europe",1967,70.14,7376998,12834.6024
"Austria","Europe",1972,70.63,7544201,16661.6256
"Austria","Europe",1977,72.17,7568430,19749.4223
"Austria","Europe",1982,73.18,7574613,21597.08362
"Austria","Europe",1987,74.94,7578903,23687.82607
"Bahrain","Asia",1962,56.923,171863,12753.27514
"Bahrain","Asia",1967,59.923,202182,14804.6727
"Bahrain","Asia",1972,63.3,230800,18268.65839
"Bahrain","Asia",1977,65.593,297410,19340.10196
"Bahrain","Asia",1982,69.052,377967,19211.14731
"Bahrain","Asia",1987,70.75,454612,18524.02406
"Bahrain","Asia",1992,72.601,529491,19035.57917
"Bahrain","Asia",1997,73.925,598561,20292.01679
"Bahrain","Asia",2002,74.795,656397,23403.55927
"Bangladesh","Asia",1992,56.018,113704579,837.8101643
"Bangladesh","Asia",1997,59.412,123315288,972.7700352
"Bangladesh","Asia",2002,62.013,135656790,1136.39043
"Bangladesh","Asia",2007,64.062,150448339,1391.253792
"Belgium","Europe",1952,68,8730405,8343.105127
"Belgium","Europe",1957,69.24,8989111,9714.960623
"Belgium","Europe",1962,70.25,9218400,10991.20676
"Belgium","Europe",1967,70.94,9556500,13149.04119
"Belgium","Europe",1972,71.44,9709100,16672.14356
"Belgium","Europe",1977,72.8,9821800,19117.97448
"Belgium","Europe",1982,73.93,9856303,20979.84589
"Benin","Africa",2007,56.728,8078314,1441.284873
"Bolivia","Americas",1987,57.251,6156369,2753.69149
"Bolivia","Americas",1992,59.957,6893451,2961.699694
"Bolivia","Americas",1997,62.05,7693188,3326.143191
"Bolivia","Americas",2002,63.883,8445134,3413.26269
"Bolivia","Americas",2007,65.554,9119152,3822.137084
"Bosnia and Herzegovina","Europe",1957,58.45,3076000,1353.989176
"Bosnia and Herzegovina","Europe",1962,61.93,3349000,1709.683679
"Bosnia and Herzegovina","Europe",1967,64.79,3585000,2172.352423
"Bosnia and Herzegovina","Europe",1972,67.45,3819000,2860.16975
"Bosnia and Herzegovina","Europe",1977,69.86,4086000,3528.481305
"Bosnia and Herzegovina","Europe",1982,70.69,4172693,4126.613157
"Bosnia and Herzegovina","Europe",1987,71.14,4338977,4314.114757
"Bosnia and Herzegovina","Europe",1992,72.178,4256013,2546.781445
"Bosnia and Herzegovina","Europe",1997,73.244,3607000,4766.355904
"Bosnia and Herzegovina","Europe",2002,74.09,4165416,6018.975239
"Bosnia and Herzegovina","Europe",2007,74.852,4552198,7446.298803
"Botswana","Africa",1972,56.024,619351,2263.611114
"Botswana","Africa",1977,59.319,781472,3214.857818
"Botswana","Africa",1982,61.484,970347,4551.14215
"Botswana","Africa",1987,63.622,1151184,6205.88385
"Botswana","Africa",1992,62.745,1342614,7954.111645
"Brazil","Americas",1962,55.665,76039390,3336.585802
"Brazil","Americas",1967,57.632,88049823,3429.864357
"Brazil","Americas",1972,59.504,100840058,4985.711467
"Brazil","Americas",1977,61.489,114313951,6660.118654
"Brazil","Americas",1982,63.336,128962939,7030.835878
"Brazil","Americas",1987,65.205,142938076,7807.095818
"Brazil","Americas",1992,67.057,155975974,6950.283021
"Brazil","Americas",1997,69.388,168546719,7957.980824
"Brazil","Americas",2002,71.006,179914212,8131.212843
"Brazil","Americas",2007,72.39,190010647,9065.800825
"Bulgaria","Europe",1952,59.6,7274900,2444.286648
"Bulgaria","Europe",1957,66.61,7651254,3008.670727
"Bulgaria","Europe",1962,69.51,8012946,4254.337839
"Bulgaria","Europe",1967,70.42,8310226,5577.0028
"Bulgaria","Europe",1972,70.9,8576200,6597.494398
"Bulgaria","Europe",1977,70.81,8797022,7612.240438
"Bulgaria","Europe",1982,71.08,8892098,8224.191647
"Bulgaria","Europe",1987,71.34,8971958,8239.854824
"Bulgaria","Europe",1992,71.19,8658506,6302.623438
"Bulgaria","Europe",1997,70.32,8066057,5970.38876
"Bulgaria","Europe",2002,72.14,7661799,7696.777725
"Bulgaria","Europe",2007,73.005,7322858,10680.79282
"Cambodia","Asia",1992,55.803,10150094,682.3031755
"Cambodia","Asia",1997,56.534,11782962,734.28517
"Cambodia","Asia",2002,56.752,12926707,896.2260153
"Cambodia","Asia",2007,59.723,14131858,1713.778686
"Canada","Americas",1952,68.75,14785584,11367.16112
"Canada","Americas",1957,69.96,17010154,12489.95006
"Canada","Americas",1962,71.3,18985849,13462.48555
"Canada","Americas",1967,72.13,20819767,16076.58803
"Canada","Americas",1972,72.88,22284500,18970.57086
"Canada","Americas",1977,74.21,23796400,22090.88306
"Chile","Americas",1957,56.074,7048426,4315.622723
"Chile","Americas",1962,57.924,7961258,4519.094331
"Chile","Americas",1967,60.523,8858908,5106.654313
"Chile","Americas",1972,63.441,9717524,5494.024437
"Chile","Americas",1977,67.052,10599793,4756.763836
"Chile","Americas",1982,70.565,11487112,5095.665738
"Chile","Americas",1987,72.492,12463354,5547.063754
"Chile","Americas",1992,74.126,13572994,7596.125964
"China","Asia",1967,58.38112,754550000,612.7056934
"China","Asia",1972,63.11888,862030000,676.9000921
"China","Asia",1977,63.96736,943455000,741.2374699
"China","Asia",1982,65.525,1000281000,962.4213805
"China","Asia",1987,67.274,1084035000,1378.904018
"China","Asia",1992,68.69,1164970000,1655.784158
"China","Asia",1997,70.426,1230075000,2289.234136
"China","Asia",2002,72.028,1280400000,3119.280896
"China","Asia",2007,72.961,1318683096,4959.114854
"Colombia","Americas",1957,55.118,14485993,2323.805581
"Colombia","Americas",1962,57.863,17009885,2492.351109
"Colombia","Americas",1967,59.963,19764027,2678.729839
"Colombia","Americas",1972,61.623,22542890,3264.660041
"Colombia","Americas",1977,63.837,25094412,3815.80787
"Colombia","Americas",1982,66.653,27764644,4397.575659
"Colombia","Americas",1987,67.768,30964245,4903.2191
"Colombia","Americas",1992,68.421,34202721,5444.648617
"Colombia","Americas",1997,70.313,37657830,6117.361746
"Colombia","Americas",2002,71.682,41008227,5755.259962
"Colombia","Americas",2007,72.889,44227550,7006.580419
"Comoros","Africa",1992,57.939,454429,1246.90737
"Comoros","Africa",1997,60.66,527982,1173.618235
"Comoros","Africa",2002,62.974,614382,1075.811558
"Comoros","Africa",2007,65.152,710960,986.1478792
"Congo, Rep.","Africa",1977,55.625,1536769,3259.178978
"Congo, Rep.","Africa",1982,56.695,1774735,4879.507522
"Congo, Rep.","Africa",1987,57.47,2064095,4201.194937
"Congo, Rep.","Africa",1992,56.433,2409073,4016.239529
"Congo, Rep.","Africa",2007,55.322,3800610,3632.557798
"Costa Rica","Americas",1952,57.206,926317,2627.009471
"Costa Rica","Americas",1957,60.026,1112300,2990.010802
"Costa Rica","Americas",1962,62.842,1345187,3460.937025
"Costa Rica","Americas",1967,65.424,1588717,4161.727834
"Costa Rica","Americas",1972,67.849,1834796,5118.146939
"Costa Rica","Americas",1977,70.75,2108457,5926.876967
"Costa Rica","Americas",1982,73.45,2424367,5262.734751
"Costa Rica","Americas",1987,74.752,2799811,5629.915318
"Croatia","Europe",1952,61.21,3882229,3119.23652
"Croatia","Europe",1957,64.77,3991242,4338.231617
"Croatia","Europe",1962,67.13,4076557,5477.890018
"Croatia","Europe",1967,68.5,4174366,6960.297861
"Croatia","Europe",1972,69.61,4225310,9164.090127
"Croatia","Europe",1977,70.64,4318673,11305.38517
"Croatia","Europe",1982,70.46,4413368,13221.82184
"Croatia","Europe",1987,71.52,4484310,13822.58394
"Croatia","Europe",1992,72.527,4494013,8447.794873
"Croatia","Europe",1997,73.68,4444595,9875.604515
"Croatia","Europe",2002,74.876,4481020,11628.38895
"Cuba","Americas",1952,59.421,6007797,5586.53878
"Cuba","Americas",1957,62.325,6640752,6092.174359
"Cuba","Americas",1962,65.246,7254373,5180.75591
"Cuba","Americas",1967,68.29,8139332,5690.268015
"Cuba","Americas",1972,70.723,8831348,5305.445256
"Cuba","Americas",1977,72.649,9537988,6380.494966
"Cuba","Americas",1982,73.717,9789224,7316.918107
"Cuba","Americas",1987,74.174,10239839,7532.924763
"Cuba","Americas",1992,74.414,10723260,5592.843963
"Czech Republic","Europe",1952,66.87,9125183,6876.14025
"Czech Republic","Europe",1957,69.03,9513758,8256.343918
"Czech Republic","Europe",1962,69.9,9620282,10136.86713
"Czech Republic","Europe",1967,70.38,9835109,11399.44489
"Czech Republic","Europe",1972,70.29,9862158,13108.4536
"Czech Republic","Europe",1977,70.71,10161915,14800.16062
"Czech Republic","Europe",1982,70.96,10303704,15377.22855
"Czech Republic","Europe",1987,71.58,10311597,16310.4434
"Czech Republic","Europe",1992,72.4,10315702,14297.02122
"Czech Republic","Europe",1997,74.01,10300707,16048.51424
"Denmark","Europe",1952,70.78,4334000,9692.385245
"Denmark","Europe",1957,71.81,4487831,11099.65935
"Denmark","Europe",1962,72.35,4646899,13583.31351
"Denmark","Europe",1967,72.96,4838800,15937.21123
"Denmark","Europe",1972,73.47,4991596,18866.20721
"Denmark","Europe",1977,74.69,5088419,20422.9015
"Denmark","Europe",1982,74.63,5117810,21688.04048
"Denmark","Europe",1987,74.8,5127024,25116.17581
"Dominican Republic","Americas",1967,56.751,4049146,1653.723003
"Dominican Republic","Americas",1972,59.631,4671329,2189.874499
"Dominican Republic","Americas",1977,61.788,5302800,2681.9889
"Dominican Republic","Americas",1982,63.727,5968349,2861.092386
"Dominican Republic","Americas",1987,66.046,6655297,2899.842175
"Dominican Republic","Americas",1992,68.457,7351181,3044.214214
"Dominican Republic","Americas",1997,69.957,7992357,3614.101285
"Dominican Republic","Americas",2002,70.847,8650322,4563.808154
"Dominican Republic","Americas",2007,72.235,9319622,6025.374752
"Ecuador","Americas",1967,56.678,5432424,4579.074215
"Ecuador","Americas",1972,58.796,6298651,5280.99471
"Ecuador","Americas",1977,61.31,7278866,6679.62326
"Ecuador","Americas",1982,64.342,8365850,7213.791267
"Ecuador","Americas",1987,67.231,9545158,6481.776993
"Ecuador","Americas",1992,69.613,10748394,7103.702595
"Ecuador","Americas",1997,72.312,11911819,7429.455877
"Ecuador","Americas",2002,74.173,12921234,5773.044512
"Ecuador","Americas",2007,74.994,13755680,6873.262326
"Egypt","Africa",1982,56.006,45681811,3503.729636
"Egypt","Africa",1987,59.797,52799062,3885.46071
"Egypt","Africa",1992,63.674,59402198,3794.755195
"Egypt","Africa",1997,67.217,66134291,4173.181797
"Egypt","Africa",2002,69.806,73312559,4754.604414
"Egypt","Africa",2007,71.338,80264543,5581.180998
"El Salvador","Americas",1967,55.855,3232927,4358.595393
"El Salvador","Americas",1972,58.207,3790903,4520.246008
"El Salvador","Americas",1977,56.696,4282586,5138.922374
"El Salvador","Americas",1982,56.604,4474873,4098.344175
"El Salvador","Americas",1987,63.154,4842194,4140.442097
"El Salvador","Americas",1992,66.798,5274649,4444.2317
"El Salvador","Americas",1997,69.535,5783439,5154.825496
"El Salvador","Americas",2002,70.734,6353681,5351.568666
"El Salvador","Americas",2007,71.878,6939688,5728.353514
"Eritrea","Africa",2002,55.24,4414865,765.3500015
"Eritrea","Africa",2007,58.04,4906585,641.3695236
"Finland","Europe",1952,66.55,4090500,6424.519071
"Finland","Europe",1957,67.49,4324000,7545.415386
"Finland","Europe",1962,68.75,4491443,9371.842561
"Finland","Europe",1967,69.83,4605744,10921.63626
"Finland","Europe",1972,70.87,4639657,14358.8759
"Finland","Europe",1977,72.52,4738902,15605.42283
"Finland","Europe",1982,74.55,4826933,18533.15761
"Finland","Europe",1987,74.83,4931729,21141.01223
"France","Europe",1952,67.41,42459667,7029.809327
"France","Europe",1957,68.93,44310863,8662.834898
"France","Europe",1962,70.51,47124000,10560.48553
"France","Europe",1967,71.55,49569000,12999.91766
"France","Europe",1972,72.38,51732000,16107.19171
"France","Europe",1977,73.83,53165019,18292.63514
"France","Europe",1982,74.89,54433565,20293.89746
"Gabon","Africa",1982,56.564,753874,15113.36194
"Gabon","Africa",1987,60.19,880397,11864.40844
"Gabon","Africa",1992,61.366,985739,13522.15752
"Gabon","Africa",1997,60.461,1126189,14722.84188
"Gabon","Africa",2002,56.761,1299304,12521.71392
"Gabon","Africa",2007,56.735,1454867,13206.48452
"Gambia","Africa",1997,55.861,1235767,653.7301704
"Gambia","Africa",2002,58.041,1457766,660.5855997
"Gambia","Africa",2007,59.448,1688359,752.7497265
"Germany","Europe",1952,67.5,69145952,7144.114393
"Germany","Europe",1957,69.1,71019069,10187.82665
"Germany","Europe",1962,70.3,73739117,12902.46291
"Germany","Europe",1967,70.8,76368453,14745.62561
"Germany","Europe",1972,71,78717088,18016.18027
"Germany","Europe",1977,72.5,78160773,20512.92123
"Germany","Europe",1982,73.8,78335266,22031.53274
"Germany","Europe",1987,74.847,77718298,24639.18566
"Ghana","Africa",1987,55.729,14168101,847.0061135
"Ghana","Africa",1992,57.501,16278738,925.060154
"Ghana","Africa",1997,58.556,18418288,1005.245812
"Ghana","Africa",2002,58.453,20550751,1111.984578
"Ghana","Africa",2007,60.022,22873338,1327.60891
"Greece","Europe",1952,65.86,7733250,3530.690067
"Greece","Europe",1957,67.86,8096218,4916.299889
"Greece","Europe",1962,69.51,8448233,6017.190733
"Greece","Europe",1967,71,8716441,8513.097016
"Greece","Europe",1972,72.34,8888628,12724.82957
"Greece","Europe",1977,73.68,9308479,14195.52428
"Guatemala","Americas",1977,56.029,5703430,4879.992748
"Guatemala","Americas",1982,58.137,6395630,4820.49479
"Guatemala","Americas",1987,60.782,7326406,4246.485974
"Guatemala","Americas",1992,63.373,8486949,4439.45084
"Guatemala","Americas",1997,66.322,9803875,4684.313807
"Guatemala","Americas",2002,68.978,11178650,4858.347495
"Guatemala","Americas",2007,70.259,12572928,5186.050003
"Guinea","Africa",2007,56.007,9947814,942.6542111
"Haiti","Americas",1992,55.089,6326682,1456.309517
"Haiti","Americas",1997,56.671,6913545,1341.726931
"Haiti","Americas",2002,58.137,7607651,1270.364932
"Haiti","Americas",2007,60.916,8502814,1201.637154
"Honduras","Americas",1977,57.402,3055235,3203.208066
"Honduras","Americas",1982,60.909,3669448,3121.760794
"Honduras","Americas",1987,64.492,4372203,3023.096699
"Honduras","Americas",1992,66.399,5077347,3081.694603
"Honduras","Americas",1997,67.659,5867957,3160.454906
"Honduras","Americas",2002,68.565,6677328,3099.72866
"Honduras","Americas",2007,70.198,7483763,3548.330846
"Hong Kong, China","Asia",1952,60.96,2125900,3054.421209
"Hong Kong, China","Asia",1957,64.75,2736300,3629.076457
"Hong Kong, China","Asia",1962,67.65,3305200,4692.648272
"Hong Kong, China","Asia",1967,70,3722800,6197.962814
"Hong Kong, China","Asia",1972,72,4115700,8315.928145
"Hong Kong, China","Asia",1977,73.6,4583700,11186.14125
"Hungary","Europe",1952,64.03,9504000,5263.673816
"Hungary","Europe",1957,66.41,9839000,6040.180011
"Hungary","Europe",1962,67.96,10063000,7550.359877
"Hungary","Europe",1967,69.5,10223422,9326.64467
"Hungary","Europe",1972,69.76,10394091,10168.65611
"Hungary","Europe",1977,69.95,10637171,11674.83737
"Hungary","Europe",1982,69.39,10705535,12545.99066
"Hungary","Europe",1987,69.58,10612740,12986.47998
"Hungary","Europe",1992,69.17,10348684,10535.62855
"Hungary","Europe",1997,71.04,10244684,11712.7768
"Hungary","Europe",2002,72.59,10083313,14843.93556
"Hungary","Europe",2007,73.338,9956108,18008.94444
"Iceland","Europe",1952,72.49,147962,7267.688428
"Iceland","Europe",1957,73.47,165110,9244.001412
"Iceland","Europe",1962,73.68,182053,10350.15906
"Iceland","Europe",1967,73.73,198676,13319.89568
"Iceland","Europe",1972,74.46,209275,15798.06362
"India","Asia",1982,56.596,708000000,855.7235377
"India","Asia",1987,58.553,788000000,976.5126756
"India","Asia",1992,60.223,872000000,1164.406809
"India","Asia",1997,61.765,959000000,1458.817442
"India","Asia",2002,62.879,1034172547,1746.769454
"India","Asia",2007,64.698,1110396331,2452.210407
"Indonesia","Asia",1982,56.159,153343000,1516.872988
"Indonesia","Asia",1987,60.137,169276000,1748.356961
"Indonesia","Asia",1992,62.681,184816000,2383.140898
"Indonesia","Asia",1997,66.041,199278000,3119.335603
"Indonesia","Asia",2002,68.588,211060000,2873.91287
"Indonesia","Asia",2007,70.65,223547000,3540.651564
"Iran","Asia",1972,55.234,30614000,9613.818607
"Iran","Asia",1977,57.702,35480679,11888.59508
"Iran","Asia",1982,59.62,43072751,7608.334602
"Iran","Asia",1987,63.04,51889696,6642.881371
"Iran","Asia",1992,65.742,60397973,7235.653188
"Iran","Asia",1997,68.042,63327987,8263.590301
"Iran","Asia",2002,69.451,66907826,9240.761975
"Iran","Asia",2007,70.964,69453570,11605.71449
"Iraq","Asia",1972,56.95,10061506,9576.037596
"Iraq","Asia",1977,60.413,11882916,14688.23507
"Iraq","Asia",1982,62.038,14173318,14517.90711
"Iraq","Asia",1987,65.044,16543189,11643.57268
"Iraq","Asia",1992,59.461,17861905,3745.640687
"Iraq","Asia",1997,58.811,20775703,3076.239795
"Iraq","Asia",2002,57.046,24001816,4390.717312
"Iraq","Asia",2007,59.545,27499638,4471.061906
"Ireland","Europe",1952,66.91,2952156,5210.280328
"Ireland","Europe",1957,68.9,2878220,5599.077872
"Ireland","Europe",1962,70.29,2830000,6631.597314
"Ireland","Europe",1967,71.08,2900100,7655.568963
"Ireland","Europe",1972,71.28,3024400,9530.772896
"Ireland","Europe",1977,72.03,3271900,11150.98113
"Ireland","Europe",1982,73.1,3480000,12618.32141
"Ireland","Europe",1987,74.36,3539900,13872.86652
"Israel","Asia",1952,65.39,1620914,4086.522128
"Israel","Asia",1957,67.84,1944401,5385.278451
"Israel","Asia",1962,69.39,2310904,7105.630706
"Israel","Asia",1967,70.75,2693585,8393.741404
"Israel","Asia",1972,71.63,3095893,12786.93223
"Israel","Asia",1977,73.06,3495918,13306.61921
"Israel","Asia",1982,74.45,3858421,15367.0292
"Italy","Europe",1952,65.94,47666000,4931.404155
"Italy","Europe",1957,67.81,49182000,6248.656232
"Italy","Europe",1962,69.24,50843200,8243.58234
"Italy","Europe",1967,71.06,52667100,10022.40131
"Italy","Europe",1972,72.19,54365564,12269.27378
"Italy","Europe",1977,73.48,56059245,14255.98475
"Italy","Europe",1982,74.98,56535636,16537.4835
"Jamaica","Americas",1952,58.53,1426095,2898.530881
"Jamaica","Americas",1957,62.61,1535090,4756.525781
"Jamaica","Americas",1962,65.61,1665128,5246.107524
"Jamaica","Americas",1967,67.51,1861096,6124.703451
"Jamaica","Americas",1972,69,1997616,7433.889293
"Jamaica","Americas",1977,70.11,2156814,6650.195573
"Jamaica","Americas",1982,71.21,2298309,6068.05135
"Jamaica","Americas",1987,71.77,2326606,6351.237495
"Jamaica","Americas",1992,71.766,2378618,7404.923685
"Jamaica","Americas",1997,72.262,2531311,7121.924704
"Jamaica","Americas",2002,72.047,2664659,6994.774861
"Jamaica","Americas",2007,72.567,2780132,7320.880262
"Japan","Asia",1952,63.03,86459025,3216.956347
"Japan","Asia",1957,65.5,91563009,4317.694365
"Japan","Asia",1962,68.73,95831757,6576.649461
"Japan","Asia",1967,71.43,100825279,9847.788607
"Japan","Asia",1972,73.42,107188273,14778.78636
"Jordan","Asia",1972,56.528,1613551,2110.856309
"Jordan","Asia",1977,61.134,1937652,2852.351568
"Jordan","Asia",1982,63.739,2347031,4161.415959
"Jordan","Asia",1987,65.869,2820042,4448.679912
"Jordan","Asia",1992,68.015,3867409,3431.593647
"Jordan","Asia",1997,69.772,4526235,3645.379572
"Jordan","Asia",2002,71.263,5307470,3844.917194
"Jordan","Asia",2007,72.535,6053193,4519.461171
"Kenya","Africa",1977,56.155,14500404,1267.613204
"Kenya","Africa",1982,58.766,17661452,1348.225791
"Kenya","Africa",1987,59.339,21198082,1361.936856
"Kenya","Africa",1992,59.285,25020539,1341.921721
"Korea, Dem. Rep.","Asia",1962,56.656,10917494,1621.693598
"Korea, Dem. Rep.","Asia",1967,59.942,12617009,2143.540609
"Korea, Dem. Rep.","Asia",1972,63.983,14781241,3701.621503
"Korea, Dem. Rep.","Asia",1977,67.159,16325320,4106.301249
"Korea, Dem. Rep.","Asia",1982,69.1,17647518,4106.525293
"Korea, Dem. Rep.","Asia",1987,70.647,19067554,4106.492315
"Korea, Dem. Rep.","Asia",1992,69.978,20711375,3726.063507
"Korea, Dem. Rep.","Asia",1997,67.727,21585105,1690.756814
"Korea, Dem. Rep.","Asia",2002,66.662,22215365,1646.758151
"Korea, Dem. Rep.","Asia",2007,67.297,23301725,1593.06548
"Korea, Rep.","Asia",1962,55.292,26420307,1536.344387
"Korea, Rep.","Asia",1967,57.716,30131000,2029.228142
"Korea, Rep.","Asia",1972,62.612,33505000,3030.87665
"Korea, Rep.","Asia",1977,64.766,36436000,4657.22102
"Korea, Rep.","Asia",1982,67.123,39326000,5622.942464
"Korea, Rep.","Asia",1987,69.81,41622000,8533.088805
"Korea, Rep.","Asia",1992,72.244,43805450,12104.27872
"Korea, Rep.","Asia",1997,74.647,46173816,15993.52796
"Kuwait","Asia",1952,55.565,160000,108382.3529
"Kuwait","Asia",1957,58.033,212846,113523.1329
"Kuwait","Asia",1962,60.47,358266,95458.11176
"Kuwait","Asia",1967,64.624,575003,80894.88326
"Kuwait","Asia",1972,67.712,841934,109347.867
"Kuwait","Asia",1977,69.343,1140357,59265.47714
"Kuwait","Asia",1982,71.309,1497494,31354.03573
"Kuwait","Asia",1987,74.174,1891487,28118.42998
"Lebanon","Asia",1952,55.928,1439529,4834.804067
"Lebanon","Asia",1957,59.489,1647412,6089.786934
"Lebanon","Asia",1962,62.094,1886848,5714.560611
"Lebanon","Asia",1967,63.87,2186894,6006.983042
"Lebanon","Asia",1972,65.421,2680018,7486.384341
"Lebanon","Asia",1977,66.099,3115787,8659.696836
"Lebanon","Asia",1982,66.983,3086876,7640.519521
"Lebanon","Asia",1987,67.926,3089353,5377.091329
"Lebanon","Asia",1992,69.292,3219994,6890.806854
"Lebanon","Asia",1997,70.265,3430388,8754.96385
"Lebanon","Asia",2002,71.028,3677780,9313.93883
"Lebanon","Asia",2007,71.993,3921278,10461.05868
"Lesotho","Africa",1982,55.078,1411807,797.2631074
"Lesotho","Africa",1987,57.18,1599200,773.9932141
"Lesotho","Africa",1992,59.685,1803195,977.4862725
"Lesotho","Africa",1997,55.558,1982823,1186.147994
"Libya","Africa",1977,57.442,2721783,21951.21176
"Libya","Africa",1982,62.155,3344074,17364.27538
"Libya","Africa",1987,66.234,3799845,11770.5898
"Libya","Africa",1992,68.755,4364501,9640.138501
"Libya","Africa",1997,71.555,4759670,9467.446056
"Libya","Africa",2002,72.737,5368585,9534.677467
"Libya","Africa",2007,73.952,6036914,12057.49928
"Madagascar","Africa",2002,57.286,16473477,894.6370822
"Madagascar","Africa",2007,59.443,19167654,1044.770126
"Malaysia","Asia",1962,55.737,8906385,2036.884944
"Malaysia","Asia",1967,59.371,10154878,2277.742396
"Malaysia","Asia",1972,63.01,11441462,2849.09478
"Malaysia","Asia",1977,65.256,12845381,3827.921571
"Malaysia","Asia",1982,68,14441916,4920.355951
"Malaysia","Asia",1987,69.5,16331785,5249.802653
"Malaysia","Asia",1992,70.693,18319502,7277.912802
"Malaysia","Asia",1997,71.938,20476091,10132.90964
"Malaysia","Asia",2002,73.044,22662365,10206.97794
"Malaysia","Asia",2007,74.241,24821286,12451.6558
"Mauritania","Africa",1987,56.145,1841240,1421.603576
"Mauritania","Africa",1992,58.333,2119465,1361.369784
"Mauritania","Africa",1997,60.43,2444741,1483.136136
"Mauritania","Africa",2002,62.247,2828858,1579.019543
"Mauritania","Africa",2007,64.164,3270065,1803.151496
"Mauritius","Africa",1957,58.089,609816,2034.037981
"Mauritius","Africa",1962,60.246,701016,2529.067487
"Mauritius","Africa",1967,61.557,789309,2475.387562
"Mauritius","Africa",1972,62.944,851334,2575.484158
"Mauritius","Africa",1977,64.93,913025,3710.982963
"Mauritius","Africa",1982,66.711,992040,3688.037739
"Mauritius","Africa",1987,68.74,1042663,4783.586903
"Mauritius","Africa",1992,69.745,1096202,6058.253846
"Mauritius","Africa",1997,70.736,1149818,7425.705295
"Mauritius","Africa",2002,71.954,1200206,9021.815894
"Mauritius","Africa",2007,72.801,1250882,10956.99112
"Mexico","Americas",1957,55.19,35015548,4131.546641
"Mexico","Americas",1962,58.299,41121485,4581.609385
"Mexico","Americas",1967,60.11,47995559,5754.733883
"Mexico","Americas",1972,62.361,55984294,6809.40669
"Mexico","Americas",1977,65.032,63759976,7674.929108
"Mexico","Americas",1982,67.405,71640904,9611.147541
"Mexico","Americas",1987,69.498,80122492,8688.156003
"Mexico","Americas",1992,71.455,88111030,9472.384295
"Mexico","Americas",1997,73.67,95895146,9767.29753
"Mexico","Americas",2002,74.902,102479927,10742.44053
"Mongolia","Asia",1977,55.491,1528000,1647.511665
"Mongolia","Asia",1982,57.489,1756032,2000.603139
"Mongolia","Asia",1987,60.222,2015133,2338.008304
"Mongolia","Asia",1992,61.271,2312802,1785.402016
"Mongolia","Asia",1997,63.625,2494803,1902.2521
"Mongolia","Asia",2002,65.033,2674234,2140.739323
"Mongolia","Asia",2007,66.803,2874127,3095.772271
"Montenegro","Europe",1952,59.164,413834,2647.585601
"Montenegro","Europe",1957,61.448,442829,3682.259903
"Montenegro","Europe",1962,63.728,474528,4649.593785
"Montenegro","Europe",1967,67.178,501035,5907.850937
"Montenegro","Europe",1972,70.636,527678,7778.414017
"Montenegro","Europe",1977,73.066,560073,9595.929905
"Montenegro","Europe",1982,74.101,562548,11222.58762
"Montenegro","Europe",1987,74.865,569473,11732.51017
"Montenegro","Europe",2002,73.981,720230,6557.194282
"Montenegro","Europe",2007,74.543,684736,9253.896111
"Morocco","Africa",1977,55.73,18396941,2370.619976
"Morocco","Africa",1982,59.65,20198730,2702.620356
"Morocco","Africa",1987,62.677,22987397,2755.046991
"Morocco","Africa",1992,65.393,25798239,2948.047252
"Morocco","Africa",1997,67.66,28529501,2982.101858
"Morocco","Africa",2002,69.615,31167783,3258.495584
"Morocco","Africa",2007,71.164,33757175,3820.17523
"Myanmar","Asia",1977,56.059,31528087,371
"Myanmar","Asia",1982,58.056,34680442,424
"Myanmar","Asia",1987,58.339,38028578,385
"Myanmar","Asia",1992,59.32,40546538,347
"Myanmar","Asia",1997,60.328,43247867,415
"Myanmar","Asia",2002,59.908,45598081,611
"Myanmar","Asia",2007,62.069,47761980,944
"Namibia","Africa",1977,56.437,977026,3876.485958
"Namibia","Africa",1982,58.968,1099010,4191.100511
"Namibia","Africa",1987,60.835,1278184,3693.731337
"Namibia","Africa",1992,61.999,1554253,3804.537999
"Namibia","Africa",1997,58.909,1774766,3899.52426
"Nepal","Asia",1992,55.727,20326209,897.7403604
"Nepal","Asia",1997,59.426,23001113,1010.892138
"Nepal","Asia",2002,61.34,25873917,1057.206311
"Nepal","Asia",2007,63.785,28901790,1091.359778
"Netherlands","Europe",1952,72.13,10381988,8941.571858
"Netherlands","Europe",1957,72.99,11026383,11276.19344
"Netherlands","Europe",1962,73.23,11805689,12790.84956
"Netherlands","Europe",1967,73.82,12596822,15363.25136
"Netherlands","Europe",1972,73.75,13329874,18794.74567
"New Zealand","Oceania",1952,69.39,1994794,10556.57566
"New Zealand","Oceania",1957,70.26,2229407,12247.39532
"New Zealand","Oceania",1962,71.24,2488550,13175.678
"New Zealand","Oceania",1967,71.52,2728150,14463.91893
"New Zealand","Oceania",1972,71.89,2929100,16046.03728
"New Zealand","Oceania",1977,72.22,3164900,16233.7177
"New Zealand","Oceania",1982,73.84,3210650,17632.4104
"New Zealand","Oceania",1987,74.32,3317166,19007.19129
"Nicaragua","Americas",1972,55.151,2182908,4688.593267
"Nicaragua","Americas",1977,57.47,2554598,5486.371089
"Nicaragua","Americas",1982,59.298,2979423,3470.338156
"Nicaragua","Americas",1987,62.008,3344353,2955.984375
"Nicaragua","Americas",1992,65.843,4017939,2170.151724
"Nicaragua","Americas",1997,68.426,4609572,2253.023004
"Nicaragua","Americas",2002,70.836,5146848,2474.548819
"Nicaragua","Americas",2007,72.899,5675356,2749.320965
"Niger","Africa",2007,56.867,12894865,619.6768924
"Norway","Europe",1952,72.67,3327728,10095.42172
"Norway","Europe",1957,73.44,3491938,11653.97304
"Norway","Europe",1962,73.47,3638919,13450.40151
"Norway","Europe",1967,74.08,3786019,16361.87647
"Norway","Europe",1972,74.34,3933004,18965.05551
"Oman","Asia",1977,57.367,1004533,11848.34392
"Oman","Asia",1982,62.728,1301048,12954.79101
"Oman","Asia",1987,67.734,1593882,18115.22313
"Oman","Asia",1992,71.197,1915208,18616.70691
"Oman","Asia",1997,72.499,2283635,19702.05581
"Oman","Asia",2002,74.193,2713462,19774.83687
"Pakistan","Asia",1982,56.158,91462088,1443.429832
"Pakistan","Asia",1987,58.245,105186881,1704.686583
"Pakistan","Asia",1992,60.838,120065004,1971.829464
"Pakistan","Asia",1997,61.818,135564834,2049.350521
"Pakistan","Asia",2002,63.61,153403524,2092.712441
"Pakistan","Asia",2007,65.483,169270617,2605.94758
"Panama","Americas",1952,55.191,940080,2480.380334
"Panama","Americas",1957,59.201,1063506,2961.800905
"Panama","Americas",1962,61.817,1215725,3536.540301
"Panama","Americas",1967,64.071,1405486,4421.009084
"Panama","Americas",1972,66.216,1616384,5364.249663
"Panama","Americas",1977,68.681,1839782,5351.912144
"Panama","Americas",1982,70.472,2036305,7009.601598
"Panama","Americas",1987,71.523,2253639,7034.779161
"Panama","Americas",1992,72.462,2484997,6618.74305
"Panama","Americas",1997,73.738,2734531,7113.692252
"Panama","Americas",2002,74.712,2990875,7356.031934
"Paraguay","Americas",1952,62.649,1555876,1952.308701
"Paraguay","Americas",1957,63.196,1770902,2046.154706
"Paraguay","Americas",1962,64.361,2009813,2148.027146
"Paraguay","Americas",1967,64.951,2287985,2299.376311
"Paraguay","Americas",1972,65.815,2614104,2523.337977
"Paraguay","Americas",1977,66.353,2984494,3248.373311
"Paraguay","Americas",1982,66.874,3366439,4258.503604
"Paraguay","Americas",1987,67.378,3886512,3998.875695
"Paraguay","Americas",1992,68.225,4483945,4196.411078
"Paraguay","Americas",1997,69.4,5154123,4247.400261
"Paraguay","Americas",2002,70.755,5884491,3783.674243
"Paraguay","Americas",2007,71.752,6667147,4172.838464
"Peru","Americas",1972,55.448,13954700,5937.827283
"Peru","Americas",1977,58.447,15990099,6281.290855
"Peru","Americas",1982,61.406,18125129,6434.501797
"Peru","Americas",1987,64.134,20195924,6360.943444
"Peru","Americas",1992,66.458,22430449,4446.380924
"Peru","Americas",1997,68.386,24748122,5838.347657
"Peru","Americas",2002,69.906,26769436,5909.020073
"Peru","Americas",2007,71.421,28674757,7408.905561
"Philippines","Asia",1967,56.393,35356600,1814.12743
"Philippines","Asia",1972,58.065,40850141,1989.37407
"Philippines","Asia",1977,60.06,46850962,2373.204287
"Philippines","Asia",1982,62.082,53456774,2603.273765
"Philippines","Asia",1987,64.151,60017788,2189.634995
"Philippines","Asia",1992,66.458,67185766,2279.324017
"Philippines","Asia",1997,68.564,75012988,2536.534925
"Philippines","Asia",2002,70.303,82995088,2650.921068
"Philippines","Asia",2007,71.688,91077287,3190.481016
"Poland","Europe",1952,61.31,25730551,4029.329699
"Poland","Europe",1957,65.77,28235346,4734.253019
"Poland","Europe",1962,67.64,30329617,5338.752143
"Poland","Europe",1967,69.61,31785378,6557.152776
"Poland","Europe",1972,70.85,33039545,8006.506993
"Poland","Europe",1977,70.67,34621254,9508.141454
"Poland","Europe",1982,71.32,36227381,8451.531004
"Poland","Europe",1987,70.98,37740710,9082.351172
"Poland","Europe",1992,70.99,38370697,7738.881247
"Poland","Europe",1997,72.75,38654957,10159.58368
"Poland","Europe",2002,74.67,38625976,12002.23908
"Portugal","Europe",1952,59.82,8526050,3068.319867
"Portugal","Europe",1957,61.51,8817650,3774.571743
"Portugal","Europe",1962,64.39,9019800,4727.954889
"Portugal","Europe",1967,66.6,9103000,6361.517993
"Portugal","Europe",1972,69.26,8970450,9022.247417
"Portugal","Europe",1977,70.41,9662600,10172.48572
"Portugal","Europe",1982,72.77,9859650,11753.84291
"Portugal","Europe",1987,74.06,9915289,13039.30876
"Portugal","Europe",1992,74.86,9927680,16207.26663
"Puerto Rico","Americas",1952,64.28,2227000,3081.959785
"Puerto Rico","Americas",1957,68.54,2260000,3907.156189
"Puerto Rico","Americas",1962,69.62,2448046,5108.34463
"Puerto Rico","Americas",1967,71.1,2648961,6929.277714
"Puerto Rico","Americas",1972,72.16,2847132,9123.041742
"Puerto Rico","Americas",1977,73.44,3080828,9770.524921
"Puerto Rico","Americas",1982,73.75,3279001,10330.98915
"Puerto Rico","Americas",1987,74.63,3444468,12281.34191
"Puerto Rico","Americas",1992,73.911,3585176,14641.58711
"Puerto Rico","Americas",1997,74.917,3759430,16999.4333
"Reunion","Africa",1957,55.09,308700,2769.451844
"Reunion","Africa",1962,57.666,358900,3173.72334
"Reunion","Africa",1967,60.542,414024,4021.175739
"Reunion","Africa",1972,64.274,461633,5047.658563
"Reunion","Africa",1977,67.064,492095,4319.804067
"Reunion","Africa",1982,69.885,517810,5267.219353
"Reunion","Africa",1987,71.913,562035,5303.377488
"Reunion","Africa",1992,73.615,622191,6101.255823
"Reunion","Africa",1997,74.772,684810,6071.941411
"Romania","Europe",1952,61.05,16630000,3144.613186
"Romania","Europe",1957,64.1,17829327,3943.370225
"Romania","Europe",1962,66.8,18680721,4734.997586
"Romania","Europe",1967,66.8,19284814,6470.866545
"Romania","Europe",1972,69.21,20662648,8011.414402
"Romania","Europe",1977,69.46,21658597,9356.39724
"Romania","Europe",1982,69.66,22356726,9605.314053
"Romania","Europe",1987,69.53,22686371,9696.273295
"Romania","Europe",1992,69.36,22797027,6598.409903
"Romania","Europe",1997,69.72,22562458,7346.547557
"Romania","Europe",2002,71.322,22404337,7885.360081
"Romania","Europe",2007,72.476,22276056,10808.47561
"Sao Tome and Principe","Africa",1972,56.48,76595,1532.985254
"Sao Tome and Principe","Africa",1977,58.55,86796,1737.561657
"Sao Tome and Principe","Africa",1982,60.351,98593,1890.218117
"Sao Tome and Principe","Africa",1987,61.728,110812,1516.525457
"Sao Tome and Principe","Africa",1992,62.742,125911,1428.777814
"Sao Tome and Principe","Africa",1997,63.306,145608,1339.076036
"Sao Tome and Principe","Africa",2002,64.337,170372,1353.09239
"Sao Tome and Principe","Africa",2007,65.528,199579,1598.435089
"Saudi Arabia","Asia",1977,58.69,8128505,34167.7626
"Saudi Arabia","Asia",1982,63.012,11254672,33693.17525
"Saudi Arabia","Asia",1987,66.295,14619745,21198.26136
"Saudi Arabia","Asia",1992,68.768,16945857,24841.61777
"Saudi Arabia","Asia",1997,70.533,21229759,20586.69019
"Saudi Arabia","Asia",2002,71.626,24501530,19014.54118
"Saudi Arabia","Asia",2007,72.777,27601038,21654.83194
"Senegal","Africa",1987,55.769,7171347,1441.72072
"Senegal","Africa",1992,58.196,8307920,1367.899369
"Senegal","Africa",1997,60.187,9535314,1392.368347
"Senegal","Africa",2002,61.6,10870037,1519.635262
"Senegal","Africa",2007,63.062,12267493,1712.472136
"Serbia","Europe",1952,57.996,6860147,3581.459448
"Serbia","Europe",1957,61.685,7271135,4981.090891
"Serbia","Europe",1962,64.531,7616060,6289.629157
"Serbia","Europe",1967,66.914,7971222,7991.707066
"Serbia","Europe",1972,68.7,8313288,10522.06749
"Serbia","Europe",1977,70.3,8686367,12980.66956
"Serbia","Europe",1982,70.162,9032824,15181.0927
"Serbia","Europe",1987,71.218,9230783,15870.87851
"Serbia","Europe",1992,71.659,9826397,9325.068238
"Serbia","Europe",1997,72.232,10336594,7914.320304
"Serbia","Europe",2002,73.213,10111559,7236.075251
"Serbia","Europe",2007,74.002,10150265,9786.534714
"Singapore","Asia",1952,60.396,1127000,2315.138227
"Singapore","Asia",1957,63.179,1445929,2843.104409
"Singapore","Asia",1962,65.798,1750200,3674.735572
"Singapore","Asia",1967,67.946,1977600,4977.41854
"Singapore","Asia",1972,69.521,2152400,8597.756202
"Singapore","Asia",1977,70.795,2325300,11210.08948
"Singapore","Asia",1982,71.76,2651869,15169.16112
"Singapore","Asia",1987,73.56,2794552,18861.53081
"Slovak Republic","Europe",1952,64.36,3558137,5074.659104
"Slovak Republic","Europe",1957,67.45,3844277,6093.26298
"Slovak Republic","Europe",1962,70.33,4237384,7481.107598
"Slovak Republic","Europe",1967,70.98,4442238,8412.902397
"Slovak Republic","Europe",1972,70.35,4593433,9674.167626
"Slovak Republic","Europe",1977,70.45,4827803,10922.66404
"Slovak Republic","Europe",1982,70.8,5048043,11348.54585
"Slovak Republic","Europe",1987,71.08,5199318,12037.26758
"Slovak Republic","Europe",1992,71.38,5302888,9498.467723
"Slovak Republic","Europe",1997,72.71,5383010,12126.23065
"Slovak Republic","Europe",2002,73.8,5410052,13638.77837
"Slovak Republic","Europe",2007,74.663,5447502,18678.31435
"Slovenia","Europe",1952,65.57,1489518,4215.041741
"Slovenia","Europe",1957,67.85,1533070,5862.276629
"Slovenia","Europe",1962,69.15,1582962,7402.303395
"Slovenia","Europe",1967,69.18,1646912,9405.489397
"Slovenia","Europe",1972,69.82,1694510,12383.4862
"Slovenia","Europe",1977,70.97,1746919,15277.03017
"Slovenia","Europe",1982,71.063,1861252,17866.72175
"Slovenia","Europe",1987,72.25,1945870,18678.53492
"Slovenia","Europe",1992,73.64,1999210,14214.71681
"South Africa","Africa",1977,55.527,27129932,8028.651439
"South Africa","Africa",1982,58.161,31140029,8568.266228
"South Africa","Africa",1987,60.834,35933379,7825.823398
"South Africa","Africa",1992,61.888,39964159,7225.069258
"South Africa","Africa",1997,60.236,42835005,7479.188244
"Spain","Europe",1952,64.94,28549870,3834.034742
"Spain","Europe",1957,66.66,29841614,4564.80241
"Spain","Europe",1962,69.69,31158061,5693.843879
"Spain","Europe",1967,71.44,32850275,7993.512294
"Spain","Europe",1972,73.06,34513161,10638.75131
"Spain","Europe",1977,74.39,36439000,13236.92117
"Sri Lanka","Asia",1952,57.593,7982342,1083.53203
"Sri Lanka","Asia",1957,61.456,9128546,1072.546602
"Sri Lanka","Asia",1962,62.192,10421936,1074.47196
"Sri Lanka","Asia",1967,64.266,11737396,1135.514326
"Sri Lanka","Asia",1972,65.042,13016733,1213.39553
"Sri Lanka","Asia",1977,65.949,14116836,1348.775651
"Sri Lanka","Asia",1982,68.757,15410151,1648.079789
"Sri Lanka","Asia",1987,69.011,16495304,1876.766827
"Sri Lanka","Asia",1992,70.379,17587060,2153.739222
"Sri Lanka","Asia",1997,70.457,18698655,2664.477257
"Sri Lanka","Asia",2002,70.815,19576783,3015.378833
"Sri Lanka","Asia",2007,72.396,20378239,3970.095407
"Sudan","Africa",1997,55.373,32160729,1632.210764
"Sudan","Africa",2002,56.369,37090298,1993.398314
"Sudan","Africa",2007,58.556,42292929,2602.394995
"Swaziland","Africa",1982,55.561,649901,3895.384018
"Swaziland","Africa",1987,57.678,779348,3984.839812
"Swaziland","Africa",1992,58.474,962344,3553.0224
"Sweden","Europe",1952,71.86,7124673,8527.844662
"Sweden","Europe",1957,72.49,7363802,9911.878226
"Sweden","Europe",1962,73.37,7561588,12329.44192
"Sweden","Europe",1967,74.16,7867931,15258.29697
"Sweden","Europe",1972,74.72,8122293,17832.02464
"Switzerland","Europe",1952,69.62,4815000,14734.23275
"Switzerland","Europe",1957,70.56,5126000,17909.48973
"Switzerland","Europe",1962,71.32,5666000,20431.0927
"Switzerland","Europe",1967,72.77,6063000,22966.14432
"Switzerland","Europe",1972,73.78,6401400,27195.11304
"Syria","Asia",1972,57.296,6701172,2571.423014
"Syria","Asia",1977,61.195,7932503,3195.484582
"Syria","Asia",1982,64.59,9410494,3761.837715
"Syria","Asia",1987,66.974,11242847,3116.774285
"Syria","Asia",1992,69.249,13219062,3340.542768
"Syria","Asia",1997,71.527,15081016,4014.238972
"Syria","Asia",2002,73.053,17155814,4090.925331
"Syria","Asia",2007,74.143,19314747,4184.548089
"Taiwan","Asia",1952,58.5,8550362,1206.947913
"Taiwan","Asia",1957,62.4,10164215,1507.86129
"Taiwan","Asia",1962,65.2,11918938,1822.879028
"Taiwan","Asia",1967,67.5,13648692,2643.858681
"Taiwan","Asia",1972,69.39,15226039,4062.523897
"Taiwan","Asia",1977,70.59,16785196,5596.519826
"Taiwan","Asia",1982,72.16,18501390,7426.354774
"Taiwan","Asia",1987,73.4,19757799,11054.56175
"Taiwan","Asia",1992,74.26,20686918,15215.6579
"Thailand","Asia",1962,56.061,29263397,1002.199172
"Thailand","Asia",1967,58.285,34024249,1295.46066
"Thailand","Asia",1972,60.405,39276153,1524.358936
"Thailand","Asia",1977,62.494,44148285,1961.224635
"Thailand","Asia",1982,64.597,48827160,2393.219781
"Thailand","Asia",1987,66.084,52910342,2982.653773
"Thailand","Asia",1992,67.298,56667095,4616.896545
"Thailand","Asia",1997,67.521,60216677,5852.625497
"Thailand","Asia",2002,68.564,62806748,5913.187529
"Thailand","Asia",2007,70.616,65068149,7458.396327
"Togo","Africa",1982,55.471,2644765,1344.577953
"Togo","Africa",1987,56.941,3154264,1202.201361
"Togo","Africa",1992,58.061,3747553,1034.298904
"Togo","Africa",1997,58.39,4320890,982.2869243
"Togo","Africa",2002,57.561,4977378,886.2205765
"Togo","Africa",2007,58.42,5701579,882.9699438
"Trinidad and Tobago","Americas",1952,59.1,662850,3023.271928
"Trinidad and Tobago","Americas",1957,61.8,764900,4100.3934
"Trinidad and Tobago","Americas",1962,64.9,887498,4997.523971
"Trinidad and Tobago","Americas",1967,65.4,960155,5621.368472
"Trinidad and Tobago","Americas",1972,65.9,975199,6619.551419
"Trinidad and Tobago","Americas",1977,68.3,1039009,7899.554209
"Trinidad and Tobago","Americas",1982,68.832,1116479,9119.528607
"Trinidad and Tobago","Americas",1987,69.582,1191336,7388.597823
"Trinidad and Tobago","Americas",1992,69.862,1183669,7370.990932
"Trinidad and Tobago","Americas",1997,69.465,1138101,8792.573126
"Trinidad and Tobago","Americas",2002,68.976,1101832,11460.60023
"Trinidad and Tobago","Americas",2007,69.819,1056608,18008.50924
"Tunisia","Africa",1972,55.602,5303507,2753.285994
"Tunisia","Africa",1977,59.837,6005061,3120.876811
"Tunisia","Africa",1982,64.048,6734098,3560.233174
"Tunisia","Africa",1987,66.894,7724976,3810.419296
"Tunisia","Africa",1992,70.001,8523077,4332.720164
"Tunisia","Africa",1997,71.973,9231669,4876.798614
"Tunisia","Africa",2002,73.042,9770575,5722.895655
"Tunisia","Africa",2007,73.923,10276158,7092.923025
"Turkey","Europe",1972,57.005,37492953,3450.69638
"Turkey","Europe",1977,59.507,42404033,4269.122326
"Turkey","Europe",1982,61.036,47328791,4241.356344
"Turkey","Europe",1987,63.108,52881328,5089.043686
"Turkey","Europe",1992,66.146,58179144,5678.348271
"Turkey","Europe",1997,68.835,63047647,6601.429915
"Turkey","Europe",2002,70.845,67308928,6508.085718
"Turkey","Europe",2007,71.777,71158647,8458.276384
"United Kingdom","Europe",1952,69.18,50430000,9979.508487
"United Kingdom","Europe",1957,70.42,51430000,11283.17795
"United Kingdom","Europe",1962,70.76,53292000,12477.17707
"United Kingdom","Europe",1967,71.36,54959000,14142.85089
"United Kingdom","Europe",1972,72.01,56079000,15895.11641
"United Kingdom","Europe",1977,72.76,56179000,17428.74846
"United Kingdom","Europe",1982,74.04,56339704,18232.42452
"United States","Americas",1952,68.44,157553000,13990.48208
"United States","Americas",1957,69.49,171984000,14847.12712
"United States","Americas",1962,70.21,186538000,16173.14586
"United States","Americas",1967,70.76,198712000,19530.36557
"United States","Americas",1972,71.34,209896000,21806.03594
"United States","Americas",1977,73.38,220239000,24072.63213
"United States","Americas",1982,74.65,232187835,25009.55914
"Uruguay","Americas",1952,66.071,2252965,5716.766744
"Uruguay","Americas",1957,67.044,2424959,6150.772969
"Uruguay","Americas",1962,68.253,2598466,5603.357717
"Uruguay","Americas",1967,68.468,2748579,5444.61962
"Uruguay","Americas",1972,68.673,2829526,5703.408898
"Uruguay","Americas",1977,69.481,2873520,6504.339663
"Uruguay","Americas",1982,70.805,2953997,6920.223051
"Uruguay","Americas",1987,71.918,3045153,7452.398969
"Uruguay","Americas",1992,72.752,3149262,8137.004775
"Uruguay","Americas",1997,74.223,3262838,9230.240708
"Venezuela","Americas",1952,55.088,5439568,7689.799761
"Venezuela","Americas",1957,57.907,6702668,9802.466526
"Venezuela","Americas",1962,60.77,8143375,8422.974165
"Venezuela","Americas",1967,63.479,9709552,9541.474188
"Venezuela","Americas",1972,65.712,11515649,10505.25966
"Venezuela","Americas",1977,67.456,13503563,13143.95095
"Venezuela","Americas",1982,68.557,15620766,11152.41011
"Venezuela","Americas",1987,70.19,17910182,9883.584648
"Venezuela","Americas",1992,71.15,20265563,10733.92631
"Venezuela","Americas",1997,72.146,22374398,10165.49518
"Venezuela","Americas",2002,72.766,24287670,8605.047831
"Venezuela","Americas",2007,73.747,26084662,11415.80569
"Vietnam","Asia",1977,55.764,50533506,713.5371196
"Vietnam","Asia",1982,58.816,56142181,707.2357863
"Vietnam","Asia",1987,62.82,62826491,820.7994449
"Vietnam","Asia",1992,67.662,69940728,989.0231487
"Vietnam","Asia",1997,70.672,76048996,1385.896769
"Vietnam","Asia",2002,73.017,80908147,1764.456677
"Vietnam","Asia",2007,74.249,85262356,2441.576404
"West Bank and Gaza","Asia",1972,56.532,1089572,3133.409277
"West Bank and Gaza","Asia",1977,60.765,1261091,3682.831494
"West Bank and Gaza","Asia",1982,64.406,1425876,4336.032082
"West Bank and Gaza","Asia",1987,67.046,1691210,5107.197384
"West Bank and Gaza","Asia",1992,69.718,2104779,6017.654756
"West Bank and Gaza","Asia",1997,71.096,2826046,7110.667619
"West Bank and Gaza","Asia",2002,72.37,3389578,4515.487575
"West Bank and Gaza","Asia",2007,73.422,4018332,3025.349798
"Yemen, Rep.","Asia",1992,55.599,13367997,1879.496673
"Yemen, Rep.","Asia",1997,58.02,15826497,2117.484526
"Yemen, Rep.","Asia",2002,60.308,18701257,2234.820827
"Yemen, Rep.","Asia",2007,62.698,22211743,2280.769906
"Zimbabwe","Africa",1972,55.635,5861135,799.3621758
"Zimbabwe","Africa",1977,57.674,6642107,685.5876821
"Zimbabwe","Africa",1982,60.363,7636524,788.8550411
"Zimbabwe","Africa",1987,62.351,9216418,706.1573059
"Zimbabwe","Africa",1992,60.377,10704340,693.4207856
